fecha_busqueda,semana_iso,ruta,categoria,serie,origen,destino,aerolinea,escalas,fecha_ida,fecha_vuelta,dias_estadia,precio_moneda_original,moneda,precio_usd,fx_usado,incluye_valija,precio_con_valija_usd,valija_estimada,costo_conexion_usd,precio_total_usd,fuente,url,evidencia,notas,origen_dato
2026-08-06,2026-W32,MAD,alternativa,indice,BUE,MAD,Air Europa,,,,,1077.0,USD,1077.0,,desconocido,1147.0,si,120,1267.0,Air Europa / Travelocity,https://www.aireuropa.com/en-us/flight-deals-from-buenos-aires-1-to-madrid,,fuente no homogénea. I/V aprox. Conexión barata a París/Roma/Milán (USD 50-190 extra en low cost). | fechas originales: Fechas flexibles | origen: historial-precios6.xlsx,importado_sin_evidencia
2026-08-06,2026-W32,MIL,principal,indice,BUE,MIL,Air Europa,,,,,1164.0,USD,1164.0,,desconocido,1234.0,si,0,1234.0,Air Europa,https://www.aireuropa.com/en-us/flight-deals-from-argentina-to-italy,,"fuente no homogénea. I/V EZE-MXP desde feb 2027, con escala en Madrid. | fechas originales: Febrero 2027 (flexible) | origen: historial-precios6.xlsx",importado_sin_evidencia
2026-08-06,2026-W32,PAR,principal,indice,BUE,PAR,Air France,,2027-03-24,2027-04-14,21,888.0,USD,888.0,,desconocido,958.0,si,0,958.0,Air France Argentina,https://wwws.airfrance.com.ar/es-ar/vuelos-desde-buenos-aires-a-par%C3%ADs,,"fuente no homogénea. Directo EZE-CDG, I/V económica. Cae justo en la ventana mar-abr 2027. Mejor precio 2027 encontrado. | fechas originales: 24/03/2027 - 14/04/2027 | origen: historial-precios6.xlsx",importado_sin_evidencia
2026-08-06,2026-W32,ROM,principal,indice,BUE,ROM,Air Europa / varias,,,,,999.0,USD,999.0,,desconocido,1069.0,si,0,1069.0,Air Europa / Kayak,https://www.aireuropa.com/en-us/flight-deals-from-buenos-aires-1-to-rome,,fuente no homogénea. I/V desde USD 999 aprox.; otras fechas de feb 2027 entre USD 1.175-1.210. | fechas originales: Febrero 2027 (flexible) | origen: historial-precios6.xlsx,importado_sin_evidencia
2026-08-06,2026-W32,ROM,principal,indice,BUE,ROM,Air France,,,,,1031.0,USD,1031.0,,desconocido,1101.0,si,0,1101.0,Air France Argentina,https://wwws.airfrance.com.ar/es-ar/vuelos-desde-buenos-aires-a-roma,,"fuente no homogénea. I/V económica desde USD 1.031, vía CDG. | fechas originales: Fechas flexibles | origen: historial-precios6.xlsx",importado_sin_evidencia
2026-08-07,2026-W32,MAD,alternativa,indice,BUE,MAD,Iberia / Air Europa / Aerolíneas Arg.,,,,,942.0,USD,942.0,,no,1010.0,si,120,1130.0,Kayak,https://www.es.kayak.com/vuelos/Buenos-Aires-BUE/Madrid-Adolfo-Suarez-Madrid-Barajas-MAD,,fuente no homogénea. Con equipaje: USD 1010. Marzo es el mes más barato para EZE-MAD; Turismocity muestra desde USD 845. Conexión barata a Italia/Francia con low-cost. Estimado: tarifa con valija en Iberia/Air Europa suele sumar ~USD 60-80 | fechas originales: Marzo 2027 (~14 días) | origen: historial-precios5.xlsx,importado_sin_evidencia
2026-08-07,2026-W32,MIL,principal,indice,BUE,MIL,ITA Airways,,,,,1019.0,USD,1019.0,,no,1140.0,no,0,1140.0,Promociones Aéreas,https://promociones-aereas.com.ar/2026/07/vuelos-a-milan-desde-buenos-aires-y-opciones-con-equipaje-ita-rt-p.html,,fuente no homogénea. Con equipaje: USD 1140. I/V con carry-on; USD 1.140 con equipaje despachado. Post de julio 2026. Precio publicado por Promociones Aéreas con valija despachada incluida | fechas originales: Fechas flexibles feb-mar 2027 (~14 días) | origen: historial-precios5.xlsx,importado_sin_evidencia
2026-08-07,2026-W32,PAR,principal,fechada,BUE,PAR,Air France,,2027-04-24,2027-05-08,14,726.0,USD,726.0,,no,795.0,si,0,795.0,Air France Argentina (resultado de búsqueda),https://wwws.airfrance.com.ar/es-ar/vuelos-desde-buenos-aires-a-paris,,"Con equipaje: USD 795. Ídem; abril-mayo 2027, estadía de 14 días. Estimado: ídem fila anterior (~726 + ~70) | fechas originales: 24/04/2027 - 08/05/2027 (14 días) | origen: historial-precios5.xlsx",importado_sin_evidencia
2026-08-07,2026-W32,PAR,principal,fechada,BUE,PAR,Air France,,2027-03-06,2027-03-20,14,774.0,USD,774.0,,no,845.0,si,0,845.0,Air France Argentina (resultado de búsqueda),https://wwws.airfrance.com.ar/es-ar/vuelos-desde-buenos-aires-a-paris,,Con equipaje: USD 845. Tarifa vista en resultados de búsqueda del sitio de Air France; verificar disponibilidad en el sitio. Estimado: tarifa Standard de Air France (incluye valija 23 kg) suele costar ~USD 60-70 más que Light | fechas originales: 06/03/2027 - 20/03/2027 (14 días) | origen: historial-precios5.xlsx,importado_sin_evidencia
2026-08-07,2026-W32,ROM,principal,indice,BUE,ROM,Varias (multitramo),,,,,1023.0,USD,1023.0,,desconocido,1093.0,si,0,1093.0,Turismocity,"https://www.turismocity.com.ar/vuelos-baratos-dos-tramos-BUE-ROM,MAD-BUE",,"fuente no homogénea. Opción dos tramos BUE-Roma / Madrid-BUE, desde USD 1.023. Sin dato de equipaje; a confirmar al cotizar | fechas originales: Fechas flexibles (~14 días) | origen: historial-precios5.xlsx",importado_sin_evidencia
2026-08-22,2026-W34,BCN,alternativa,indice,BUE,BCN,LATAM Airlines,,2027-02-22,2027-03-08,14,970.0,USD,970.0,,desconocido,1040.0,si,120,1160.0,Promociones Aereas (BUE-BCN/MAD),https://promociones-aereas.com.ar/2026/05/vuelos-a-barcelona-o-a-madrid-desde-buenos-aires-latam-rt-p.html,,fuente no homogénea. Promo pago con debito en USD; buena base para combinar tren/vuelo low-cost a Francia o Italia. | fechas originales: 22/02/2027 - 08/03/2027 (14 dias) | origen: historial-precios4.xlsx,importado_sin_evidencia
2026-08-22,2026-W34,MAD,alternativa,indice,BUE,MAD,Iberia,,2027-02-25,2027-03-11,14,1050.0,USD,1050.0,,desconocido,1120.0,si,120,1240.0,Kayak / Iberia (BUE-MAD),https://www.kayak.com.ar/vuelos/Buenos-Aires-BUE/Espana-ES0,,"fuente no homogénea. Madrid como hub; buenas conexiones AVE/low-cost a Paris, Roma o Milan. | fechas originales: 25/02/2027 - 11/03/2027 (14 dias) | origen: historial-precios4.xlsx",importado_sin_evidencia
2026-08-22,2026-W34,MIL,principal,indice,BUE,MIL,Air Europa (via Madrid),,2027-02-18,2027-03-04,14,1148.0,USD,1148.0,,desconocido,1218.0,si,0,1218.0,KAYAK (BUE-MIL via MAD),https://www.kayak.com.ar/vuelos/Buenos-Aires-BUE/Milan-MIL,,"fuente no homogénea. Conexion en Madrid con Air Europa/Iberia. Precio de referencia, no fecha especifica 2027. | fechas originales: 18/02/2027 - 04/03/2027 (14 dias) | origen: historial-precios4.xlsx",importado_sin_evidencia
2026-08-22,2026-W34,PAR,principal,indice,BUE,PAR,Air France,,2027-02-15,2027-03-01,14,1088.0,USD,1088.0,,desconocido,1158.0,si,0,1158.0,Skyscanner / Expedia (BUE-CDG),https://www.skyscanner.com/routes/cdg/eze/paris-charles-de-gaulle-to-buenos-aires-ministro-pistarini.html,,fuente no homogénea. Tarifa de referencia temporada baja (directo EZE-CDG). Fecha exacta no confirmada en vivo; verificar antes de comprar. | fechas originales: 15/02/2027 - 01/03/2027 (14 dias) | origen: historial-precios4.xlsx,importado_sin_evidencia
2026-08-22,2026-W34,ROM,principal,indice,BUE,ROM,Air France,,2027-02-20,2027-03-06,14,1040.0,USD,1040.0,,desconocido,1110.0,si,0,1110.0,Air France Argentina (BUE-ROM),https://wwws.airfrance.com.ar/es-ar/vuelos-desde-buenos-aires-a-roma,,fuente no homogénea. Tarifa publicada 'desde USD 1.040 I/V'. Verificar disponibilidad para fechas especificas. | fechas originales: 20/02/2027 - 06/03/2027 (14 dias) | origen: historial-precios4.xlsx,importado_sin_evidencia
2026-08-29,2026-W35,BCN,alternativa,indice,EZE,BCN,Air Europa,,2027-02-19,2027-03-13,22,1016.0,USD,1016.0,,desconocido,1086.0,si,120,1206.0,Air Europa (aireuropa.com),https://www.aireuropa.com/en-us/flight-deals-from-argentina-to-spain,,fuente no homogénea. Tarifa 'desde' del buscador flexible; duración real 22 días. Barcelona conecta barato (tren/low-cost) a Francia. | fechas originales: 19/02/2027 - 13/03/2027 | origen: historial-precios3.xlsx,importado_sin_evidencia
2026-08-29,2026-W35,MAD,alternativa,indice,EZE,MAD,Air Europa,,2027-02-18,2027-03-10,20,958.0,USD,958.0,,desconocido,1028.0,si,120,1148.0,Air Europa (aireuropa.com),https://www.aireuropa.com/en-us/flight-deals-from-argentina-to-spain,,fuente no homogénea. Tarifa 'desde' del buscador flexible; duración real 20 días (más larga que las 2 semanas buscadas). Madrid conecta barato en tren/low-cost a París y Roma/Milán. | fechas originales: 18/02/2027 - 10/03/2027 | origen: historial-precios3.xlsx,importado_sin_evidencia
2026-08-29,2026-W35,MIL,principal,indice,EZE,MXP,Air Europa,,2027-02-04,2027-02-24,20,1049.0,USD,1049.0,,desconocido,1119.0,si,0,1119.0,Air Europa (aireuropa.com),https://www.aireuropa.com/en-us/flight-deals-from-argentina-to-italy,,fuente no homogénea. Tarifa 'desde' del buscador flexible; duración real 20 días. | fechas originales: 04/02/2027 - 24/02/2027 | origen: historial-precios3.xlsx,importado_sin_evidencia
2026-08-29,2026-W35,PAR,principal,indice,EZE,CDG,Air France,,,,,725.0,USD,725.0,,desconocido,795.0,si,0,795.0,Air France Argentina (airfrance.com.ar),https://wwws.airfrance.com.ar/es-ar/vuelos-desde-buenos-aires-a-par%C3%ADs,,"fuente no homogénea. Tarifa 'desde' publicada en el sitio de Air France, sin fechas ni duración de estadía confirmadas. Air Europa a París (Orly) mostró USD 1.073 pero con estadías de 8 o 36 días, ninguna cercana a 2 semanas; verificar manualmente fechas exactas de ~14 días antes de comprar. | fechas originales: Sin fecha específica confirmada | origen: historial-precios3.xlsx",importado_sin_evidencia
2026-08-29,2026-W35,ROM,principal,indice,EZE,FCO,Air Europa,,2027-02-24,2027-03-15,19,1257.0,USD,1257.0,,desconocido,1327.0,si,0,1327.0,Air Europa (aireuropa.com),https://www.aireuropa.com/en-us/flight-deals-from-argentina-to-italy,,fuente no homogénea. Tarifa 'desde' del buscador flexible; duración real 19 días. | fechas originales: 24/02/2027 - 15/03/2027 | origen: historial-precios3.xlsx,importado_sin_evidencia
2026-09-04,2026-W36,MIL,principal,indice,EZE,LIN,Air France,,,,,2011.0,USD,2011.0,,desconocido,2081.0,si,0,2081.0,Air France AR,https://wwws.airfrance.com.ar/es-ar/vuelos-desde-buenos-aires-a-mil%C3%A1n,,fuente no homogénea. Mínimo del calendario mensual; estadía no informada. | fechas originales: Feb 2027 | origen: Recuperado del reporte del 04/09/2026 (Excel no disponible),importado_sin_evidencia
2026-09-04,2026-W36,PAR,principal,indice,EZE,CDG,Air France,,,,,1445.0,USD,1445.0,,desconocido,1515.0,si,0,1515.0,Air France AR,https://wwws.airfrance.com.ar/es-ar/vuelos-desde-buenos-aires-a-par%C3%ADs,,fuente no homogénea. Mínimo del calendario mensual; estadía no informada. | fechas originales: Feb 2027 | origen: Recuperado del reporte del 04/09/2026 (Excel no disponible),importado_sin_evidencia
2026-09-04,2026-W36,ROM,principal,indice,BUE,ROM,Multi-aerolínea,,,,,1257.0,USD,1257.0,,desconocido,1327.0,si,0,1327.0,Turismocity,"https://www.turismocity.com.ar/vuelos-baratos-dos-tramos-BUE-ROM,MAD-BUE",,fuente no homogénea. Precio 'desde' de portada. | fechas originales: Multitramo flexible | origen: Recuperado del reporte del 04/09/2026 (Excel no disponible),importado_sin_evidencia
2026-09-04,2026-W36,ROM,principal,indice,EZE,ROM,Air Europa,,,,,1263.0,USD,1263.0,,desconocido,1333.0,si,0,1333.0,Air Europa,https://www.aireuropa.com/en-us/flight-deals-from-buenos-aires-1-to-rome,,fuente no homogénea. Precio 'desde' de portada. | fechas originales: Sin fecha publicada | origen: Recuperado del reporte del 04/09/2026 (Excel no disponible),importado_sin_evidencia
2026-09-04,2026-W36,ROM,principal,indice,EZE,FCO,Air France,,,,,1341.0,USD,1341.0,,desconocido,1411.0,si,0,1411.0,Air France AR,https://wwws.airfrance.com.ar/es-ar/vuelos-desde-buenos-aires-a-roma,,fuente no homogénea. Mínimo del calendario mensual; estadía no informada. | fechas originales: Feb 2027 | origen: Recuperado del reporte del 04/09/2026 (Excel no disponible),importado_sin_evidencia
2026-09-18,2026-W38,BCN,alternativa,indice,BUE,BCN,Varias (Level vuela directo EZE-BCN),,2027-02-10,2027-02-24,14,897.0,USD,897.0,,desconocido,967.0,si,120,1087.0,Turismocity (agregador),https://www.turismocity.com.ar/vuelos-baratos-a-BCN-Barcelona,,"Level opera EZE-BCN directo. Conexión BCN-Roma desde ~USD46 o BCN-París desde ~USD45. Verificar fechas exactas antes de comprar. | fechas originales: 10/02/2027 - 24/02/2027 (14 días, aprox.) | origen: historial-precios2.xlsx",importado_sin_evidencia
2026-09-18,2026-W38,MAD,alternativa,indice,BUE,MAD,Varias (Iberia/Air Europa/Aerolíneas Argentinas),,2027-03-03,2027-03-17,14,845.0,USD,845.0,,desconocido,915.0,si,120,1035.0,Turismocity (agregador),https://www.turismocity.com.ar/vuelos-baratos-a-MAD-madrid,,"Gateway más barato a Europa. Conexión Madrid-París desde ~USD102 o Madrid-Roma vía low cost. Total combinado similar o algo mayor al vuelo directo. Verificar fechas exactas. | fechas originales: 03/03/2027 - 17/03/2027 (14 días, aprox.) | origen: historial-precios2.xlsx",importado_sin_evidencia
2026-09-18,2026-W38,MIL,principal,indice,BUE,MIL,Varias (consultar disp.: Aerolíneas Arg./ITA/Air France-KLM vía combinación),,2027-03-03,2027-03-17,14,1410000.0,ARS,910.0,1549.45,desconocido,980.0,si,0,980.0,Turismocity (agregador),https://www.turismocity.com.ar/vuelos-baratos-a-MIL-milan,,"Tarifa mínima estimada para marzo 2027 (ARS 1,41M / TC oficial ~1550). Ruta más barata de las 3 principales. Verificar fechas exactas antes de comprar. | fechas originales: 03/03/2027 - 17/03/2027 (14 días, aprox.) | origen: historial-precios2.xlsx",importado_sin_evidencia
2026-09-18,2026-W38,PAR,principal,indice,BUE,PAR,Varias (Air France/KLM/Iberia vía combinación),,2027-02-10,2027-02-24,14,1460000.0,ARS,942.0,1549.89,desconocido,1012.0,si,0,1012.0,Turismocity (agregador),https://www.turismocity.com.ar/vuelos-baratos-a-PAR-Paris,,"Tarifa mínima estimada para febrero 2027 (ARS 1,46M / TC oficial ~1550). La más cara de las 3 principales. Verificar fechas exactas antes de comprar. | fechas originales: 10/02/2027 - 24/02/2027 (14 días, aprox.) | origen: historial-precios2.xlsx",importado_sin_evidencia
2026-09-18,2026-W38,ROM,principal,indice,BUE,ROM,Varias (Aerolíneas Argentinas/ITA Airways/LATAM/Iberia),,2027-02-10,2027-02-24,14,1450000.0,ARS,935.0,1550.8,desconocido,1005.0,si,0,1005.0,Turismocity (agregador),https://www.turismocity.com.ar/vuelos-baratos-a-ROM-roma,,"Tarifa mínima estimada para febrero 2027 (ARS 1,45M / TC oficial ~1550). ITA Airways vuela EZE-FCO ~13x/semana. Verificar fechas exactas antes de comprar. | fechas originales: 10/02/2027 - 24/02/2027 (14 días, aprox.) | origen: historial-precios2.xlsx",importado_sin_evidencia
2026-09-27,2026-W39,MAD,alternativa,fechada,EZE,MAD,Plus Ultra (directo),,2027-02-11,2027-02-24,13,1358227.0,ARS,872.0,1557.6,desconocido,942.0,si,120,1062.0,KAYAK AR,https://www.kayak.com.ar/vuelos/Argentina-AR0/Madrid-Adolfo-Suarez-Madrid-Barajas-MAD,,ARS 1.358.227 ≈ USD 872. Directo. Sumar low-cost MAD-ROM (~USD 50) o MAD-PAR (~USD 110) por tramo. | fechas originales: 11/02/2027 – 24/02/2027 (13 días) | origen: historial-precios1.xlsx,importado_sin_evidencia
2026-09-27,2026-W39,MIL,principal,fechada,EZE,MXP,Varias aerolíneas (Iberia/Air Europa vía Madrid),,2027-02-11,2027-02-24,13,1387491.0,ARS,891.0,1557.23,desconocido,961.0,si,0,961.0,KAYAK AR,https://www.kayak.com.ar/vuelos/Buenos-Aires-BUE/Italia-IT0,,ARS 1.387.491 (tipo de cambio implícito Turismocity ≈1.557 ARS/USD). 1 escala en MAD. Oferta vista en KAYAK en últimas 72 h. | fechas originales: 11/02/2027 – 24/02/2027 (13 días) | origen: historial-precios1.xlsx,importado_sin_evidencia
2026-09-27,2026-W39,MIL,principal,fechada,EZE,MXP,Air Europa (vía Madrid),,2027-02-16,2027-03-02,14,1424454.0,ARS,915.0,1556.78,desconocido,985.0,si,0,985.0,KAYAK AR,https://www.kayak.com.ar/vuelos/Buenos-Aires-BUE/Milan-MIL,,"ARS 1.424.454 ≈ USD 915. 1 escala MAD. Página cacheada 15/09/2026, verificar vigencia. | fechas originales: 16/02/2027 – 02/03/2027 (14 días) | origen: historial-precios1.xlsx",importado_sin_evidencia
2026-09-27,2026-W39,PAR,principal,indice,BUE,PAR,Varias (referencia sin fecha exacta),,,,,1430000.0,ARS,918.0,1557.73,desconocido,988.0,si,0,988.0,Turismocity,https://www.turismocity.com.ar/vuelos-baratos-a-PAR-paris,,"Precio de referencia mensual 'desde' ARS 1,43 M. No se encontró tarifa fechada de ~14 días en 2027; Air France publica USD 1.539 para feb-2027. | fechas originales: Feb–Mar 2027 (tarifa 'desde', estadía no confirmada) | origen: historial-precios1.xlsx",importado_sin_evidencia
2026-09-27,2026-W39,ROM,principal,indice,BUE,ROM,Varias (referencia sin fecha exacta),,,,,1440000.0,ARS,925.0,1556.76,desconocido,995.0,si,0,995.0,Turismocity,https://www.turismocity.com.ar/vuelos-baratos-a-ROM-roma,,"Referencia mensual 'desde' ARS 1,44 M. KAYAK: EZE-FCO 11/02–23/02/2027 (12 días) ≈ USD 1.014, fuera de rango de estadía. | fechas originales: Mar 2027 (tarifa 'desde', estadía no confirmada) | origen: historial-precios1.xlsx",importado_sin_evidencia
